<component name="libraryTable">
  <library name="Gradle: com.android.support:animated-vector-drawable:28.0.0@aar">
    <CLASSES>
      <root url="file://$USER_HOME$/.gradle/caches/transforms-1/files-1.1/animated-vector-drawable-28.0.0.aar/189ee8aa96f914a01ac89e0cf8265975/res" />
      <root url="jar://$USER_HOME$/.gradle/caches/transforms-1/files-1.1/animated-vector-drawable-28.0.0.aar/189ee8aa96f914a01ac89e0cf8265975/jars/classes.jar!/" />
    </CLASSES>
    <JAVADOC />
    <SOURCES />
  </library>
</component>