<component name="libraryTable">
  <library name="Gradle: com.android.support:localbroadcastmanager:28.0.0@aar">
    <CLASSES>
      <root url="jar://$USER_HOME$/.gradle/caches/transforms-1/files-1.1/localbroadcastmanager-28.0.0.aar/bd7b2e5d7bc9b7969d76663be88f2b23/jars/classes.jar!/" />
      <root url="file://$USER_HOME$/.gradle/caches/transforms-1/files-1.1/localbroadcastmanager-28.0.0.aar/bd7b2e5d7bc9b7969d76663be88f2b23/res" />
    </CLASSES>
    <JAVADOC />
    <SOURCES />
  </library>
</component>