<component name="libraryTable">
  <library name="Gradle: com.android.support:versionedparcelable:28.0.0@aar">
    <CLASSES>
      <root url="jar://$USER_HOME$/.gradle/caches/transforms-1/files-1.1/versionedparcelable-28.0.0.aar/e4bc1cddf972f40bf7ec1300b9b5bc3a/jars/classes.jar!/" />
      <root url="file://$USER_HOME$/.gradle/caches/transforms-1/files-1.1/versionedparcelable-28.0.0.aar/e4bc1cddf972f40bf7ec1300b9b5bc3a/res" />
    </CLASSES>
    <JAVADOC />
    <SOURCES />
  </library>
</component>