<component name="libraryTable">
  <library name="Gradle: com.android.support:appcompat-v7:28.0.0@aar">
    <ANNOTATIONS>
      <root url="jar://$USER_HOME$/.gradle/caches/transforms-1/files-1.1/appcompat-v7-28.0.0.aar/4975f411eedff4a607e20f95d191fbec/annotations.zip!/" />
    </ANNOTATIONS>
    <CLASSES>
      <root url="file://$USER_HOME$/.gradle/caches/transforms-1/files-1.1/appcompat-v7-28.0.0.aar/4975f411eedff4a607e20f95d191fbec/res" />
      <root url="jar://$USER_HOME$/.gradle/caches/transforms-1/files-1.1/appcompat-v7-28.0.0.aar/4975f411eedff4a607e20f95d191fbec/jars/classes.jar!/" />
    </CLASSES>
    <JAVADOC />
    <SOURCES />
  </library>
</component>