<component name="libraryTable">
  <library name="Gradle: com.android.support:support-compat:28.0.0@aar">
    <ANNOTATIONS>
      <root url="jar://$USER_HOME$/.gradle/caches/transforms-1/files-1.1/support-compat-28.0.0.aar/0a4c1fc83b38f81066978564d78e2761/annotations.zip!/" />
    </ANNOTATIONS>
    <CLASSES>
      <root url="file://$USER_HOME$/.gradle/caches/transforms-1/files-1.1/support-compat-28.0.0.aar/0a4c1fc83b38f81066978564d78e2761/res" />
      <root url="jar://$USER_HOME$/.gradle/caches/transforms-1/files-1.1/support-compat-28.0.0.aar/0a4c1fc83b38f81066978564d78e2761/jars/classes.jar!/" />
    </CLASSES>
    <JAVADOC />
    <SOURCES />
  </library>
</component>