<component name="libraryTable">
  <library name="Gradle: android.arch.lifecycle:runtime:1.1.1@aar">
    <CLASSES>
      <root url="file://$USER_HOME$/.gradle/caches/transforms-1/files-1.1/runtime-1.1.1.aar/d6d11d17e45edb8b224630c2769b8f93/res" />
      <root url="jar://$USER_HOME$/.gradle/caches/transforms-1/files-1.1/runtime-1.1.1.aar/d6d11d17e45edb8b224630c2769b8f93/jars/classes.jar!/" />
    </CLASSES>
    <JAVADOC />
    <SOURCES>
      <root url="jar://$USER_HOME$/.gradle/caches/modules-2/files-2.1/android.arch.lifecycle/runtime/1.1.1/8e4214221b3797b863dc9998d16abb4af043e784/runtime-1.1.1-sources.jar!/" />
    </SOURCES>
  </library>
</component>