<component name="libraryTable">
  <library name="Gradle: com.android.support:support-media-compat:26.1.0@aar">
    <CLASSES>
      <root url="file://$USER_HOME$/.gradle/caches/transforms-1/files-1.1/support-media-compat-26.1.0.aar/66fe3f186ee5647d4bcc34a5f4fa458a/res" />
      <root url="jar://$USER_HOME$/.gradle/caches/transforms-1/files-1.1/support-media-compat-26.1.0.aar/66fe3f186ee5647d4bcc34a5f4fa458a/jars/classes.jar!/" />
    </CLASSES>
    <JAVADOC />
    <SOURCES>
      <root url="jar://$USER_HOME$/.gradle/caches/modules-2/files-2.1/com.android.support/support-media-compat/26.1.0/774fd1164ec32514eec562953f723a1920a7fef7/support-media-compat-26.1.0-sources.jar!/" />
    </SOURCES>
  </library>
</component>