<component name="libraryTable">
  <library name="Gradle: com.android.support:print:28.0.0@aar">
    <ANNOTATIONS>
      <root url="jar://$USER_HOME$/.gradle/caches/transforms-1/files-1.1/print-28.0.0.aar/9ca6461cac26f12cff7956b2b041b63c/annotations.zip!/" />
    </ANNOTATIONS>
    <CLASSES>
      <root url="file://$USER_HOME$/.gradle/caches/transforms-1/files-1.1/print-28.0.0.aar/9ca6461cac26f12cff7956b2b041b63c/res" />
      <root url="jar://$USER_HOME$/.gradle/caches/transforms-1/files-1.1/print-28.0.0.aar/9ca6461cac26f12cff7956b2b041b63c/jars/classes.jar!/" />
    </CLASSES>
    <JAVADOC />
    <SOURCES />
  </library>
</component>