<component name="libraryTable">
  <library name="Gradle: com.google.android.gms:play-services-base:16.0.1@aar">
    <CLASSES>
      <root url="jar://$USER_HOME$/.gradle/caches/transforms-1/files-1.1/play-services-base-16.0.1.aar/6a5265bc64b9a6d7d747163dea7341c0/jars/classes.jar!/" />
      <root url="file://$USER_HOME$/.gradle/caches/transforms-1/files-1.1/play-services-base-16.0.1.aar/6a5265bc64b9a6d7d747163dea7341c0/res" />
    </CLASSES>
    <JAVADOC />
    <SOURCES />
  </library>
</component>