<component name="libraryTable">
  <library name="Gradle: com.android.support:support-fragment:28.0.0@aar">
    <ANNOTATIONS>
      <root url="jar://$USER_HOME$/.gradle/caches/transforms-1/files-1.1/support-fragment-28.0.0.aar/e149e770a7714f1dbcef52be27ab57f1/annotations.zip!/" />
    </ANNOTATIONS>
    <CLASSES>
      <root url="file://$USER_HOME$/.gradle/caches/transforms-1/files-1.1/support-fragment-28.0.0.aar/e149e770a7714f1dbcef52be27ab57f1/res" />
      <root url="jar://$USER_HOME$/.gradle/caches/transforms-1/files-1.1/support-fragment-28.0.0.aar/e149e770a7714f1dbcef52be27ab57f1/jars/classes.jar!/" />
    </CLASSES>
    <JAVADOC />
    <SOURCES />
  </library>
</component>