<component name="libraryTable">
  <library name="Gradle: com.android.support:support-core-utils:28.0.0@aar">
    <CLASSES>
      <root url="jar://$USER_HOME$/.gradle/caches/transforms-1/files-1.1/support-core-utils-28.0.0.aar/2adf6e655e2ce9f81f31bfc53d412eb3/jars/classes.jar!/" />
      <root url="file://$USER_HOME$/.gradle/caches/transforms-1/files-1.1/support-core-utils-28.0.0.aar/2adf6e655e2ce9f81f31bfc53d412eb3/res" />
    </CLASSES>
    <JAVADOC />
    <SOURCES />
  </library>
</component>