<component name="libraryTable">
  <library name="Gradle: com.android.support:swiperefreshlayout:28.0.0@aar">
    <ANNOTATIONS>
      <root url="jar://$USER_HOME$/.gradle/caches/transforms-1/files-1.1/swiperefreshlayout-28.0.0.aar/67b4248f03664dd4ca7ce5ca96f04fc9/annotations.zip!/" />
    </ANNOTATIONS>
    <CLASSES>
      <root url="jar://$USER_HOME$/.gradle/caches/transforms-1/files-1.1/swiperefreshlayout-28.0.0.aar/67b4248f03664dd4ca7ce5ca96f04fc9/jars/classes.jar!/" />
      <root url="file://$USER_HOME$/.gradle/caches/transforms-1/files-1.1/swiperefreshlayout-28.0.0.aar/67b4248f03664dd4ca7ce5ca96f04fc9/res" />
    </CLASSES>
    <JAVADOC />
    <SOURCES />
  </library>
</component>