<component name="libraryTable">
  <library name="Gradle: com.android.support:drawerlayout:28.0.0@aar">
    <ANNOTATIONS>
      <root url="jar://$USER_HOME$/.gradle/caches/transforms-1/files-1.1/drawerlayout-28.0.0.aar/7fff28bbe29ddbe5beb0f6ee894c6a21/annotations.zip!/" />
    </ANNOTATIONS>
    <CLASSES>
      <root url="file://$USER_HOME$/.gradle/caches/transforms-1/files-1.1/drawerlayout-28.0.0.aar/7fff28bbe29ddbe5beb0f6ee894c6a21/res" />
      <root url="jar://$USER_HOME$/.gradle/caches/transforms-1/files-1.1/drawerlayout-28.0.0.aar/7fff28bbe29ddbe5beb0f6ee894c6a21/jars/classes.jar!/" />
    </CLASSES>
    <JAVADOC />
    <SOURCES />
  </library>
</component>