<component name="libraryTable">
  <library name="Gradle: com.android.support.constraint:constraint-layout:1.1.3@aar">
    <CLASSES>
      <root url="file://$USER_HOME$/.gradle/caches/transforms-1/files-1.1/constraint-layout-1.1.3.aar/99571fb3a47bd98be54f841c76b01b85/res" />
      <root url="jar://$USER_HOME$/.gradle/caches/transforms-1/files-1.1/constraint-layout-1.1.3.aar/99571fb3a47bd98be54f841c76b01b85/jars/classes.jar!/" />
    </CLASSES>
    <JAVADOC />
    <SOURCES />
  </library>
</component>