<component name="libraryTable">
  <library name="Gradle: com.android.support:asynclayoutinflater:28.0.0@aar">
    <CLASSES>
      <root url="file://$USER_HOME$/.gradle/caches/transforms-1/files-1.1/asynclayoutinflater-28.0.0.aar/830f5b8172f03506991651905af6a235/res" />
      <root url="jar://$USER_HOME$/.gradle/caches/transforms-1/files-1.1/asynclayoutinflater-28.0.0.aar/830f5b8172f03506991651905af6a235/jars/classes.jar!/" />
    </CLASSES>
    <JAVADOC />
    <SOURCES />
  </library>
</component>