<component name="libraryTable">
  <library name="Gradle: com.android.support:coordinatorlayout:28.0.0@aar">
    <ANNOTATIONS>
      <root url="jar://$USER_HOME$/.gradle/caches/transforms-1/files-1.1/coordinatorlayout-28.0.0.aar/bf52a42d7cfcbc2108e36411a9fd564d/annotations.zip!/" />
    </ANNOTATIONS>
    <CLASSES>
      <root url="file://$USER_HOME$/.gradle/caches/transforms-1/files-1.1/coordinatorlayout-28.0.0.aar/bf52a42d7cfcbc2108e36411a9fd564d/res" />
      <root url="jar://$USER_HOME$/.gradle/caches/transforms-1/files-1.1/coordinatorlayout-28.0.0.aar/bf52a42d7cfcbc2108e36411a9fd564d/jars/classes.jar!/" />
    </CLASSES>
    <JAVADOC />
    <SOURCES />
  </library>
</component>