<component name="libraryTable">
  <library name="Gradle: com.android.support:support-vector-drawable:28.0.0@aar">
    <CLASSES>
      <root url="jar://$USER_HOME$/.gradle/caches/transforms-1/files-1.1/support-vector-drawable-28.0.0.aar/4f563d94953c5d9fa0ccbffc8508b851/jars/classes.jar!/" />
      <root url="file://$USER_HOME$/.gradle/caches/transforms-1/files-1.1/support-vector-drawable-28.0.0.aar/4f563d94953c5d9fa0ccbffc8508b851/res" />
    </CLASSES>
    <JAVADOC />
    <SOURCES />
  </library>
</component>