<component name="libraryTable">
  <library name="Gradle: com.google.android.gms:play-services-tasks:16.0.1@aar">
    <CLASSES>
      <root url="jar://$USER_HOME$/.gradle/caches/transforms-1/files-1.1/play-services-tasks-16.0.1.aar/4b995eb654b5e8cfda4bcd92e133566e/jars/classes.jar!/" />
      <root url="file://$USER_HOME$/.gradle/caches/transforms-1/files-1.1/play-services-tasks-16.0.1.aar/4b995eb654b5e8cfda4bcd92e133566e/res" />
    </CLASSES>
    <JAVADOC />
    <SOURCES />
  </library>
</component>